{
    "Key Case": {
        "case_type": "container",

        "id": "Key_Case",
        "item_name": "Key Case",
        "item_short_name": "Keys",
        "item_description": "This case is the ultimate solution to the problem of hoarding various keys in the stash, helping to store them in one place.",
        "flea_price": 350000,

        "trader": "therapist",
        "trader_loyalty_level": 1,
        "unlimited_stock": true,
        "stock_amount": 1,

        "barter": [
            {
                "count": 2,
                "_tpl": "62a09d3bcf4a99369e262447"
            },
            {
                "count": 2,
                "_tpl": "60b0f6c058e0b0481a09ad11"
            },
            {
                "count": 1,
                "_tpl": "5d03794386f77420415576f5"
            }

        ],

        "ExternalSize": {
            "width": 3,
            "height": 2,
            "weight": 4
        },

        "Grids": [
            {
                "width": 11,
                "height": 7,
                "included_filter": [
                    "543be5e94bdc2df1348b4568",
                    "62a09d3bcf4a99369e262447",
                    "59fafd4b86f7745ca07e1232",
                    "619cbf9e0a7c3a1a2731940a",
                    "5c164d2286f774194c5e69fa"
                ]
            }
        ]
    }
}